releaseYear,genre,mean_rating,numVotes,unique_titles_count
1920,Horror,8.0,73693,1
1920,Mystery,8.0,73693,1
1920,Thriller,8.0,73693,1
1921,Comedy,8.2,141718,1
1921,Drama,8.1,156817,2
1921,Family,8.2,141718,1
1921,Fantasy,8.0,15099,1
1921,Horror,8.0,15099,1
1923,Action,8.1,24055,1
1923,Comedy,8.1,24055,1
1923,Thriller,8.1,24055,1
1924,Action,8.2,62494,1
1924,Comedy,8.2,62494,1
1924,Drama,8.0,27231,2
1924,Romance,8.2,62494,1
1924,Thriller,8.0,11260,1
1924,Western,8.0,11260,1
1925,Adventure,8.1,124424,1
1925,Comedy,8.1,124424,1
1925,Drama,8.0,187926,2
1925,History,7.9,63502,1
1925,Thriller,7.9,63502,1
1926,Action,8.1,103154,1
1926,Adventure,8.1,103154,1
1926,Comedy,8.1,103154,1
1926,Drama,8.1,17564,1
1926,Fantasy,8.1,17564,1
1926,Horror,8.1,17564,1
1927,Drama,8.2,250715,2
1927,Romance,8.1,55546,1
1927,Sci-Fi,8.3,195169,1
1928,Biography,8.1,65431,1
1928,Comedy,8.05,51437,2
1928,Drama,8.05,79372,2
1928,Family,8.05,51437,2
1928,History,8.1,65431,1
1928,Romance,8.1,37496,1
1929,Documentary,8.3,29295,1
1930,Drama,8.1,70178,1
1930,War,8.1,70178,1
1931,Comedy,8.5,207777,1
1931,Crime,8.3,177711,1
1931,Drama,8.5,207777,1
1931,Mystery,8.3,177711,1
1931,Romance,8.5,207777,1
1931,Thriller,8.3,177711,1
1932,Comedy,7.9,16912,1
1932,Crime,8.05,32034,2
1932,Drama,8.2,15122,1
1932,Film-Noir,8.2,15122,1
1932,Romance,7.9,16912,1
1933,Adventure,7.9,93834,1
1933,Crime,7.9,14159,1
1933,Horror,7.9,93834,1
1933,Mystery,7.9,14159,1
1933,Thriller,7.9,14159,1
1934,Comedy,8.0,150939,2
1934,Crime,7.9,33914,1
1934,Mystery,7.9,33914,1
1934,Romance,8.1,117025,1
1936,Comedy,8.2,301746,2
1936,Drama,8.2,301746,2
1936,Romance,8.2,301746,2
1937,Adventure,7.9,11502,1
1937,Drama,8.033333333333333,61943,3
1937,Family,7.9,11502,1
1937,Romance,8.1,10214,1
1937,War,8.1,40227,1
1938,Action,7.9,56373,1
1938,Adventure,7.9,56373,1
1938,Crime,7.9,24154,1
1938,Drama,7.9,24154,1
1938,Film-Noir,7.9,24154,1
1938,Romance,7.9,56373,1
1939,Adventure,8.1,451970,1
1939,Comedy,8.0,158952,2
1939,Crime,7.9,16666,1
1939,Drama,8.0,535188,5
1939,Family,8.1,451970,1
1939,Fantasy,8.1,451970,1
1939,Romance,8.05,359570,2
1939,Thriller,7.9,16666,1
1939,War,8.2,347564,1
1940,Comedy,8.2,291412,2
1940,Drama,8.15,556376,4
1940,Mystery,8.1,159524,1
1940,Romance,8.05,201269,2
1940,War,8.4,249667,1
1941,Adventure,7.9,29840,1
1941,Comedy,7.9,29840,1
1941,Crime,7.9,171263,1
1941,Drama,8.0,697867,4
1941,Film-Noir,7.9,171263,1
1941,Mystery,8.3,483060,1
1941,Romance,7.9,13704,1
1942,Comedy,8.1,47376,1
1942,Drama,8.25,660416,2
1942,Romance,8.3,681655,2
1942,War,8.3,681655,2
1942,Western,8.0,26137,1
1943,Drama,8.05,29122,2
1943,History,8.1,11613,1
1943,Romance,8.0,17509,1
1943,War,8.0,17509,1
1944,Comedy,7.9,77043,1
1944,Crime,8.100000000000001,252527,2
1944,Drama,8.100000000000001,229414,2
1944,Film-Noir,8.100000000000001,229414,2
1944,Mystery,7.9,53930,1
1944,Thriller,7.9,77043,1
1945,Crime,7.9,30222,1
1945,Drama,8.02,173066,5
1945,Film-Noir,7.9,72191,2
1945,Romance,8.15,68642,2
1945,Thriller,8.0,32233,1
1945,War,8.0,32233,1
1946,Crime,7.9,93448,1
1946,Drama,8.066666666666666,865003,6
1946,Family,8.6,529477,1
1946,Fantasy,8.166666666666666,585370,3
1946,Film-Noir,7.9,204625,2
1946,Mystery,7.9,111177,1
1946,Romance,8.0,130901,3
1946,War,8.1,75008,1
1947,Comedy,7.9,58086,1
1947,Crime,8.0,42777,1
1947,Drama,7.95,100863,2
1947,Family,7.9,58086,1
1947,Film-Noir,8.0,42777,1
1948,Adventure,8.2,137899,1
1948,Crime,7.9,160864,1
1948,Drama,8.1,526581,4
1948,Music,8.1,41699,1
1948,Mystery,7.9,160864,1
1948,Romance,8.1,41699,1
1948,Western,8.2,137899,1
1949,Action,8.1,37309,1
1949,Comedy,8.1,61486,2
1949,Crime,8.05,78207,2
1949,Drama,8.125,266499,4
1949,Film-Noir,8.1,190322,1
1949,Mystery,8.1,190322,1
1949,Romance,8.1,18280,1
1950,Comedy,7.9,59877,1
1950,Crime,8.2,213154,2
1950,Drama,8.133333333333333,705626,6
1950,Fantasy,7.9,59877,1
1950,Film-Noir,8.15,287310,2
1950,Mystery,8.05,227710,2
1951,Comedy,8.25,40321,2
1951,Crime,7.9,145851,1
1951,Drama,8.0,342343,5
1951,Family,8.1,27568,1
1951,Fantasy,8.1,27568,1
1951,Film-Noir,8.0,186806,2
1951,Romance,8.0,10238,1
1952,Comedy,8.3,273466,1
1952,Drama,8.08,277571,5
1952,Music,8.0,23221,1
1952,Musical,8.3,273466,1
1952,Romance,8.15,296687,2
1952,Thriller,7.9,113911,1
1952,War,8.0,13765,1
1952,Western,7.9,113911,1
1953,Adventure,8.1,70844,1
1953,Comedy,7.95,214057,2
1953,Crime,7.9,31136,1
1953,Drama,8.0,429430,7
1953,Fantasy,8.1,27254,1
1953,Film-Noir,7.9,31136,1
1953,Romance,7.95,165423,2
1953,Thriller,8.1,70844,1
1953,War,8.0,87582,2
1954,Action,8.6,386497,1
1954,Crime,8.149999999999999,371635,2
1954,Drama,8.283333333333333,1394839,6
1954,Mystery,8.35,747765,2
1954,Thriller,8.3,722112,2
1955,Crime,8.175,232793,4
1955,Drama,8.183333333333332,291360,6
1955,Film-Noir,8.0,102925,1
1955,Horror,8.1,71641,1
1955,Mystery,8.5,20080,1
1955,Thriller,8.1,38147,1
1956,Adventure,7.9,81596,1
1956,Crime,7.9,102216,1
1956,Drama,8.05,229936,4
1956,Family,7.9,81596,1
1956,Film-Noir,7.9,102216,1
1956,Thriller,8.2,29223,1
1956,War,8.2,29223,1
1957,Adventure,8.1,242831,1
1957,Crime,8.566666666666668,1095062,3
1957,Drama,8.25,2086486,12
1957,Fantasy,8.1,209412,1
1957,Film-Noir,8.0,38217,1
1957,Music,8.2,18432,1
1957,Mystery,8.350000000000001,163515,2
1957,Romance,8.2,142301,2
1957,War,8.266666666666667,491061,3
1958,Adventure,8.0,44168,1
1958,Comedy,7.9,25649,2
1958,Crime,7.900000000000001,155405,3
1958,Drama,7.9142857142857155,297542,7
1958,Film-Noir,7.9,112842,1
1958,History,7.9,18490,1
1958,Mystery,8.2,446400,1
1958,Romance,8.0,482645,3
1958,Thriller,8.05,476722,2
1958,Western,7.9,22837,1
1959,Adventure,8.2,625646,2
1959,Comedy,8.2,296063,1
1959,Crime,8.0,131703,1
1959,Drama,8.3125,973558,8
1959,Fantasy,9.0,100954,1
1959,History,8.5,10250,1
1959,Horror,9.0,100954,1
1959,Music,8.2,296063,1
1959,Mystery,8.15,436828,2
1959,Romance,8.2,307924,2
1959,War,8.35,22111,2
1959,Western,8.0,71220,1
1960,Adventure,7.9,148350,1
1960,Animation,8.6,37029,1
1960,Biography,8.0,182715,2
1960,Comedy,8.325,347435,4
1960,Crime,8.233333333333333,61222,3
1960,Drama,8.166666666666666,1324402,9
1960,Family,8.4,18112,1
1960,History,8.1,34365,1
1960,Horror,8.5,755289,1
1960,Mystery,8.5,755289,1
1960,Romance,8.3,209537,1
1960,Sport,8.2,24289,1
1960,Thriller,8.25,36933,2
1961,Action,8.2,138275,1
1961,Comedy,8.15,27675,2
1961,Drama,8.0125,426233,8
1961,Family,8.4,12582,1
1961,Romance,7.9,15093,1
1961,Sport,7.9,89218,1
1961,Thriller,8.2,138275,1
1961,War,8.3,92207,1
1962,Action,8.0,42914,1
1962,Adventure,8.3,330228,1
1962,Biography,8.2,351749,2
1962,Comedy,8.2,13651,1
1962,Crime,8.3,344120,1
1962,Drama,8.125,1157377,12
1962,Fantasy,8.0,37063,1
1962,Horror,8.0,65147,1
1962,Mystery,8.6,80648,1
1962,Thriller,7.966666666666666,190798,3
1962,War,8.0,41877,1
1962,Western,8.1,86049,1
1963,Adventure,8.3,310578,2
1963,Crime,8.4,61017,1
1963,Drama,8.15,561974,6
1963,Family,8.4,40766,1
1963,History,7.9,32433,1
1963,Mystery,8.4,61017,1
1963,Thriller,8.2,269812,1
1964,Comedy,8.15,562413,2
1964,Drama,8.049999999999999,352752,6
1964,Family,8.0,22962,1
1964,Fantasy,7.9,21550,1
1964,Horror,7.933333333333334,68605,3
1964,Thriller,8.1,74601,3
1964,War,8.3,539451,1
1964,Western,7.9,245050,1
1965,Action,8.2,14569,1
1965,Adventure,8.2,14569,1
1965,Biography,8.1,277662,1
1965,Comedy,8.3,30311,2
1965,Crime,8.4,15742,1
1965,Drama,8.183333333333334,700490,6
1965,Family,8.1,277662,1
1965,Romance,7.9,84775,1
1965,War,8.05,94954,2
1965,Western,8.2,289738,1
1966,Action,8.15,109876,2
1966,Adventure,8.366666666666667,976766,3
1966,Biography,8.0,59085,1
1966,Comedy,7.9,21380,1
1966,Drama,8.1375,1328941,8
1966,History,8.0,59085,1
1966,Sci-Fi,7.9,11284,1
1966,Thriller,7.95,147844,2
1966,War,8.0,92804,2
1966,Western,8.8,858172,1
1967,Adventure,8.3,14393,1
1967,Biography,7.9,30798,1
1967,Comedy,8.15,311590,2
1967,Crime,7.966666666666666,288096,3
1967,Documentary,7.9,10692,1
1967,Drama,8.1125,718198,8
1967,Music,7.9,10692,1
1967,Mystery,8.2,103551,2
1967,Romance,8.0,297197,1
1967,Sci-Fi,8.5,15745,1
1967,Thriller,7.95,150553,2
1968,Adventure,8.15,961284,2
1968,Animation,8.5,10395,1
1968,Comedy,8.5,10395,1
1968,Drama,8.166666666666666,634632,3
1968,Family,8.7,10054,1
1968,Fantasy,8.7,10054,1
1968,Horror,8.0,249083,1
1968,Music,8.7,10054,1
1968,Sci-Fi,8.15,961284,2
1968,Western,8.5,369789,1
1969,Action,7.9,93214,1
1969,Adventure,8.066666666666666,126769,3
1969,Animation,8.1,16339,1
1969,Biography,8.0,232676,1
1969,Comedy,8.275,128223,4
1969,Crime,8.075,294688,4
1969,Drama,8.0,422945,6
1969,Family,7.9,24435,1
1969,Thriller,8.1,32826,1
1969,War,8.1,27824,1
1970,Biography,7.9,111657,1
1970,Comedy,8.3,10790,1
1970,Crime,7.95,44771,2
1970,Documentary,8.1,19058,1
1970,Drama,7.925000000000001,193462,4
1970,History,8.1,19058,1
1970,Music,8.1,19058,1
1970,Thriller,7.9,30385,1
1970,War,7.9,111657,1
1971,Comedy,8.200000000000001,117714,3
1971,Crime,8.266666666666667,972717,3
1971,Drama,8.142857142857142,304844,7
1971,Family,8.0,50200,1
1971,Musical,8.05,86693,2
1971,Mystery,8.3,45223,1
1971,Romance,7.95,139460,2
1971,Sci-Fi,8.2,913841,1
1972,Comedy,8.6,82209,2
1972,Crime,9.2,2134065,1
1972,Documentary,8.6,10950,1
1972,Drama,8.375,2341943,4
1972,Family,8.7,15155,1
1972,Music,8.6,10950,1
1972,Mystery,7.9,153759,2
1972,Sci-Fi,7.9,102201,1
1972,Thriller,7.9,51558,1
1972,War,8.5,67054,1
1973,Adventure,8.2,19555,1
1973,Biography,8.0,142575,1
1973,Comedy,8.125,391768,4
1973,Crime,8.1,489140,3
1973,Documentary,9.2,33200,1
1973,Drama,8.233333333333333,543199,6
1973,History,9.2,33200,1
1973,Horror,8.1,479520,1
1973,Romance,8.0,25648,1
1973,Sci-Fi,8.2,19555,1
1973,War,9.2,33200,1
1974,Comedy,8.15,188243,2
1974,Crime,8.6,1447807,2
1974,Drama,8.26,1870542,5
1974,Mystery,8.149999999999999,378061,2
1974,Romance,8.0,56587,2
1974,Thriller,8.1,366148,1
1975,Action,8.05,73197,2
1975,Adventure,8.139999999999999,1577172,5
1975,Animation,8.4,14811,1
1975,Biography,8.033333333333333,373223,3
1975,Comedy,8.4625,911333,8
1975,Crime,8.0,295113,2
1975,Drama,8.1625,2412031,8
1975,Family,8.4,14811,1
1975,Fantasy,8.2,589431,1
1975,Horror,8.1,697434,1
1975,Music,8.0,55769,1
1975,Romance,8.3,13609,1
1975,War,8.1,194344,1
1976,Biography,8.6,85176,2
1976,Comedy,8.620000000000001,110603,5
1976,Crime,8.2,982705,1
1976,Drama,8.25,2053590,7
1976,Family,8.4,27111,1
1976,History,8.566666666666668,264163,5
1976,Musical,8.4,27111,1
1976,Sport,8.1,662361,1
1976,Thriller,7.9,131521,1
1977,Action,8.6,1516052,1
1977,Adventure,8.6,1516052,1
1977,Biography,8.45,46064,2
1977,Comedy,8.433333333333332,367470,6
1977,Drama,8.316666666666666,103431,6
1977,Fantasy,8.6,1516052,1
1977,History,8.533333333333333,65487,3
1977,Romance,8.200000000000001,313567,3
1977,War,8.2,11241,1
1978,Biography,8.1,21264,1
1978,Comedy,8.433333333333332,42542,3
1978,Documentary,8.25,46553,2
1978,Drama,8.375,447378,4
1978,Music,8.1,61398,2
1978,Talk-Show,8.4,25289,1
1978,War,8.1,376679,1
1979,Comedy,8.133333333333333,531561,3
1979,Drama,8.175,987267,4
1979,Horror,8.5,1019753,1
1979,Mystery,8.4,754820,2
1979,Romance,8.5,21465,1
1979,Sci-Fi,8.25,1171506,2
1979,Thriller,8.4,10207,1
1979,War,8.4,744613,1
1980,Action,8.7,1448850,1
1980,Adventure,8.35,1706081,4
1980,Biography,8.166666666666666,689052,3
1980,Comedy,8.34,284902,5
1980,Crime,7.9,232656,2
1980,Documentary,9.3,48124,1
1980,Drama,8.166666666666666,1959692,9
1980,Fantasy,8.7,1448850,1
1980,History,8.066666666666666,75367,3
1980,Horror,8.4,1171125,1
1980,Romance,8.0,15086,1
1980,Sport,8.1,396902,1
1980,War,7.9,39774,1
1981,Action,8.4,1077704,1
1981,Adventure,8.2,1089813,2
1981,Comedy,8.5,73105,2
1981,Crime,8.2,11279,1
1981,Drama,8.3,291292,2
1981,Mystery,8.2,11279,1
1981,Sci-Fi,8.0,12109,1
1981,War,8.4,280013,1
1982,Action,8.1,856178,1
1982,Adventure,7.9,495833,2
1982,Biography,8.0,244295,1
1982,Comedy,8.257142857142856,205149,7
1982,Crime,8.4,22303,1
1982,Documentary,8.2,43393,1
1982,Drama,8.088888888888889,1409008,9
1982,Family,7.9,454864,1
1982,Fantasy,8.0,87987,1
1982,History,8.2,272393,2
1982,Horror,8.2,500944,1
1982,Music,8.033333333333333,172349,3
1982,Mystery,8.2,500944,1
1982,Romance,8.0,11599,1
1982,Sci-Fi,8.066666666666666,1811986,3
1982,War,8.4,28098,1
1983,Action,8.3,1169489,1
1983,Adventure,8.3,1169489,1
1983,Comedy,8.100000000000001,190382,2
1983,Crime,8.3,985300,2
1983,Drama,8.166666666666666,1017137,3
1983,Family,7.9,175223,1
1983,Fantasy,8.3,1169489,1
1984,Action,7.966666666666666,1464514,3
1984,Adventure,8.033333333333333,1183994,3
1984,Animation,8.0,215866,2
1984,Biography,8.4,450128,1
1984,Comedy,8.166666666666666,636668,3
1984,Crime,8.5,422521,2
1984,Documentary,8.7,22780,1
1984,Drama,8.459999999999999,1017902,5
1984,Fantasy,7.8,471744,1
1984,Music,8.333333333333334,624802,3
1984,Mystery,8.7,26119,1
1984,Sci-Fi,8.05,1159352,2
1985,Action,8.2,144690,1
1985,Adventure,8.5,1383148,1
1985,Animation,8.3,18162,1
1985,Biography,7.9,15518,1
1985,Comedy,8.216666666666667,1952208,6
1985,Documentary,8.7,11159,1
1985,Drama,8.266666666666667,871936,9
1985,Family,8.4,41884,2
1985,History,8.399999999999999,23703,2
1985,Romance,8.1,12544,1
1985,Sci-Fi,8.5,1383148,1
1985,Thriller,8.3,113032,1
1985,War,8.5,305156,4
1986,Action,8.433333333333334,895738,3
1986,Adventure,8.283333333333333,1564683,6
1986,Animation,8.3,287121,4
1986,Comedy,8.4,543860,4
1986,Crime,8.7,14644,1
1986,Drama,8.15,1025316,6
1986,Family,8.0,191533,1
1986,Horror,8.4,811355,1
1986,Mystery,8.7,14644,1
1986,War,8.1,457577,1
1987,Action,8.166666666666666,659799,3
1987,Adventure,8.3,1154339,5
1987,Animation,8.0,36533,1
1987,Comedy,8.28,655404,5
1987,Crime,8.399999999999999,41731,2
1987,Drama,8.35,1199244,10
1987,Family,8.375,526227,4
1987,Fantasy,7.9,81134,1
1987,Horror,7.8,479093,1
1987,Music,8.4,12370,1
1987,Mystery,8.2,15247,1
1987,Romance,8.15,91801,2
1987,War,8.1,862105,2
1988,Action,8.55,1018263,2
1988,Adventure,8.9,25503,1
1988,Animation,8.200000000000001,978608,3
1988,Comedy,8.333333333333334,562838,6
1988,Crime,7.975,94807,4
1988,Documentary,7.9,27037,1
1988,Drama,8.209090909090909,1612002,11
1988,Family,8.25,452229,2
1988,Fantasy,8.0,216640,1
1988,Romance,8.3,329998,2
1988,Sci-Fi,8.5,65490,2
1988,Thriller,8.2,992760,1
1988,War,8.5,352187,1
1989,Action,8.4,975696,3
1989,Adventure,8.34,1603572,5
1989,Animation,8.7,551215,2
1989,Comedy,8.314285714285715,2226654,7
1989,Crime,8.3,84478,2
1989,Drama,8.416666666666666,866512,6
1989,Fantasy,8.0,28516,1
1989,Mystery,8.6,55962,1
1989,Sci-Fi,7.8,599689,1
1989,War,8.8,60669,1
1989,Western,8.7,28187,1
1990,Adventure,8.0,301622,1
1990,Biography,8.45,1356801,2
1990,Comedy,8.3,343512,5
1990,Crime,8.533333333333333,1589254,3
1990,Documentary,8.6,41056,2
1990,Drama,8.3125,2494685,8
1990,Family,8.6,143274,1
1990,Fantasy,8.0,564733,2
1990,History,9.0,21519,1
1990,Horror,8.2,17030,1
1990,Music,8.2,13679,1
1990,Mystery,8.7,232453,1
1990,Romance,7.8,547703,1
1990,War,9.0,21519,1
1990,Western,8.0,301622,1
1991,Action,8.466666666666667,1271411,3
1991,Adventure,8.45,1256958,2
1991,Animation,8.15,514160,2
1991,Comedy,8.3,14829,1
1991,Crime,8.433333333333332,1670988,3
1991,Documentary,8.1,24525,1
1991,Drama,8.28,1884523,5
1991,Family,8.0,494187,1
1991,Fantasy,8.0,494187,1
1991,History,8.0,176794,1
1991,Horror,8.6,1642441,1
1991,Romance,8.149999999999999,50835,2
1991,Sci-Fi,8.6,1236985,1
1991,Thriller,8.0,176794,1
1992,Action,8.633333333333333,197513,3
1992,Adventure,8.475,685183,4
1992,Animation,8.475,685183,4
1992,Comedy,8.175,546067,4
1992,Crime,8.3,1135557,1
1992,Documentary,8.5,42214,1
1992,Drama,8.16,858903,5
1992,Family,8.4,10371,1
1992,Romance,8.1,39886,2
1992,Thriller,8.2,1149854,2
1992,Western,8.2,455909,1
1993,Action,8.45,1250478,4
1993,Adventure,8.48,1513528,5
1993,Animation,8.5,412509,2
1993,Biography,8.333333333333334,1762802,3
1993,Comedy,8.35,911073,6
1993,Crime,8.183333333333334,1006240,6
1993,Drama,8.284615384615385,3460023,13
1993,Family,8.0,444432,2
1993,Fantasy,8.266666666666667,1125838,3
1993,History,9.0,1529796,1
1993,Horror,8.7,13622,1
1993,Music,8.149999999999999,54751,2
1993,Mystery,8.7,29754,2
1993,Romance,8.0,288397,2
1993,Sci-Fi,8.2,1123519,1
1993,Talk-Show,8.2,19449,1
1993,Thriller,7.9,240957,1
1994,Action,8.225,1420703,4
1994,Adventure,8.299999999999999,1264996,3
1994,Animation,8.299999999999999,1264996,3
1994,Biography,8.0,22377,1
1994,Comedy,8.2,1391169,7
1994,Crime,8.275,3793044,4
1994,Documentary,8.15,51296,2
1994,Drama,8.4,10667999,13
1994,Fantasy,8.2,21054,1
1994,Mystery,8.1,114075,1
1994,Romance,8.440000000000001,3729564,5
1994,Sport,8.3,28919,1
1994,War,8.3,21519,1
1995,Action,8.3,1108940,5
1995,Adventure,8.4,1197215,2
1995,Animation,8.3,1461606,4
1995,Biography,8.3,1132267,1
1995,Comedy,8.233333333333333,1625348,6
1995,Crime,8.27142857142857,4860195,7
1995,Drama,8.264285714285714,6554008,14
1995,Fantasy,8.0,62934,1
1995,Mystery,8.366666666666667,3777776,3
1995,Romance,8.15,584306,6
1995,Sci-Fi,8.0,665329,1
1995,Thriller,8.0,665329,1
1995,War,8.3,1132267,1
1996,Action,8.4,235500,5
1996,Adventure,8.466666666666667,203285,3
1996,Animation,8.475,219961,4
1996,Comedy,8.266666666666667,115437,3
1996,Crime,8.133333333333333,851851,3
1996,Documentary,8.0,50788,3
1996,Drama,8.142857142857142,1770300,7
1996,History,8.6,18479,1
1996,Musical,8.1,15539,1
1996,News,8.3,48920,1
1996,Sport,7.9,19920,1
1996,Talk-Show,8.3,48920,1
1996,Thriller,8.1,758899,1
1996,War,8.6,18479,1
1997,Action,8.257142857142856,460938,7
1997,Adventure,8.35,833691,6
1997,Animation,8.2875,1192343,8
1997,Comedy,8.52,1268772,5
1997,Crime,8.299999999999999,864460,3
1997,Documentary,7.9,34654,1
1997,Drama,8.192857142857143,4922648,14
1997,Family,8.2,86289,1
1997,Fantasy,8.3,462353,1
1997,History,7.9,18488,1
1997,Mystery,8.2,643036,1
1997,Romance,8.266666666666667,3267214,3
1997,Sport,8.2,86289,1
1997,Thriller,8.7,112594,1
1998,Action,8.45,212151,4
1998,Adventure,8.55,180334,2
1998,Animation,8.366666666666667,200174,3
1998,Comedy,8.1375,3160782,8
1998,Crime,8.114285714285714,2868440,7
1998,Drama,8.142857142857142,4637129,14
1998,Game-Show,8.5,48094,1
1998,History,8.5,14115,1
1998,Horror,8.0,19840,1
1998,Music,8.0,71637,1
1998,Romance,8.033333333333333,324300,3
1998,War,8.6,1575386,1
1999,Action,8.35,2866519,10
1999,Adventure,8.377777777777778,1621403,9
1999,Animation,8.341666666666667,2101831,12
1999,Biography,8.0,104533,1
1999,Comedy,8.34,1727974,10
1999,Crime,8.4,4688380,7
1999,Drama,8.358823529411765,7824021,17
1999,Family,8.149999999999999,138286,2
1999,Fantasy,8.6,1491526,1
1999,Horror,8.4,12786,1
1999,Mystery,8.149999999999999,1240075,2
1999,Sci-Fi,8.7,2162763,1
1999,Thriller,8.5,3579143,2
2000,Action,8.3,2167142,5
2000,Adventure,8.059999999999999,3049877,5
2000,Animation,8.299999999999999,47468,3
2000,Comedy,8.292857142857143,2020609,14
2000,Crime,8.040000000000001,1220768,5
2000,Drama,8.106666666666666,4866100,15
2000,Family,8.2,171198,2
2000,Fantasy,8.6,20399,1
2000,History,8.0,14659,1
2000,Musical,7.9,120995,1
2000,Mystery,8.15,1400245,2
2000,Romance,8.2,948988,5
2000,Sci-Fi,8.0,12416,1
2000,Thriller,8.1,1711633,3
2001,Action,8.64,908832,5
2001,Adventure,8.414285714285715,4980940,7
2001,Animation,8.333333333333334,2864787,6
2001,Biography,8.1,1036760,2
2001,Comedy,8.200000000000001,3468862,11
2001,Crime,8.233333333333334,755377,3
2001,Documentary,8.299999999999999,70860,3
2001,Drama,8.273333333333333,6608701,15
2001,Family,8.6,914957,1
2001,Fantasy,8.9,2116153,1
2001,History,8.7,604276,2
2001,Musical,8.1,124680,1
2001,Mystery,8.033333333333333,2317590,3
2001,Romance,8.066666666666668,950256,3
2001,Sci-Fi,8.0,884808,1
2001,Sport,8.1,124680,1
2001,Thriller,7.85,906076,2
2001,War,7.9,49791,1
2002,Action,8.142857142857142,1005802,7
2002,Adventure,8.540000000000001,2643559,5
2002,Animation,8.45,170011,2
2002,Biography,8.233333333333333,2159869,3
2002,Comedy,8.371428571428572,289229,7
2002,Crime,8.346153846153847,2993896,13
2002,Documentary,8.0,150919,1
2002,Drama,8.318181818181818,6508067,22
2002,Fantasy,8.8,1880153,1
2002,Game-Show,8.1,10117,1
2002,History,8.1,17789,1
2002,Music,8.5,971571,1
2002,Mystery,8.1,881414,5
2002,Reality-TV,8.1,10117,1
2002,Romance,8.033333333333333,159167,3
2002,Sci-Fi,8.9,291380,1
2002,Sport,8.7,132796,1
2002,Thriller,8.6,1094380,3
2003,Action,8.233333333333333,3928877,9
2003,Adventure,8.377777777777778,5251831,9
2003,Animation,8.433333333333332,1275698,3
2003,Biography,8.0,25704,1
2003,Comedy,8.35,1985639,12
2003,Crime,8.075,2240241,8
2003,Documentary,8.08,154847,5
2003,Drama,8.159090909090908,5308981,22
2003,Fantasy,8.3,3975900,7
2003,Game-Show,8.6,34966,1
2003,History,8.0,47778,2
2003,Music,8.8,76288,1
2003,Musical,8.15,103510,2
2003,Mystery,8.216666666666667,1546209,6
2003,Reality-TV,8.3,55915,1
2003,Romance,8.15,156563,4
2003,Thriller,8.1,1267444,2
2004,Action,8.291666666666666,2236968,12
2004,Adventure,8.283333333333333,3245588,12
2004,Animation,8.328571428571427,1583710,7
2004,Biography,8.1,861523,3
2004,Comedy,8.3625,1144853,16
2004,Crime,8.288888888888888,1280436,9
2004,Documentary,8.6,16465,1
2004,Drama,8.244117647058824,6208407,34
2004,Family,8.05,1217710,2
2004,Fantasy,8.3,1426021,5
2004,History,8.299999999999999,898414,3
2004,Horror,8.133333333333333,657384,3
2004,Musical,8.2,102132,1
2004,Mystery,8.4,665957,3
2004,Romance,8.1625,2264856,8
2004,Sci-Fi,8.15,1209762,2
2004,Sport,8.1,748152,1
2004,Thriller,8.0,839700,1
2004,War,8.0,63481,2
2005,Action,8.477777777777778,4199262,9
2005,Adventure,8.9,665931,2
2005,Animation,8.75,480665,4
2005,Biography,7.95,215512,2
2005,Comedy,8.466666666666667,2167933,12
2005,Crime,8.1625,3492056,8
2005,Documentary,8.125,54108,4
2005,Drama,8.242105263157894,6087518,19
2005,Family,8.2,97748,1
2005,Fantasy,8.45,529026,2
2005,History,8.0,10386,1
2005,Horror,8.4,513530,1
2005,Music,8.1,35230,3
2005,Mystery,8.1,231316,1
2005,News,8.4,39396,1
2005,Romance,8.333333333333334,1161030,3
2005,Sci-Fi,8.3,1475451,2
2005,Sport,8.1,18100,1
2005,Talk-Show,8.4,51126,2
2005,Thriller,8.0,808858,1
2005,War,8.0,10386,1
2006,Action,8.225,956990,8
2006,Adventure,8.033333333333333,1352071,3
2006,Animation,8.440000000000001,581034,5
2006,Biography,8.0,593837,1
2006,Comedy,8.208333333333334,1255373,12
2006,Crime,8.325000000000001,3157452,12
2006,Documentary,8.65,238932,2
2006,Drama,8.273913043478261,8287439,23
2006,Family,9.4,227819,1
2006,Fantasy,8.166666666666666,789885,3
2006,Music,8.3,18713,1
2006,Mystery,8.371428571428572,2999039,7
2006,Reality-TV,8.1,23613,1
2006,Romance,8.15,98492,4
2006,Sci-Fi,8.2,2069275,2
2006,Sport,8.7,76247,1
2006,Thriller,8.2,3858856,8
2006,War,8.2,726680,1
2007,Action,8.129999999999999,1888651,10
2007,Adventure,8.2,1886324,7
2007,Animation,8.2,1342905,9
2007,Biography,7.959999999999999,1406962,5
2007,Comedy,8.20625,3012805,16
2007,Crime,8.088888888888889,1921488,9
2007,Documentary,7.966666666666666,130789,3
2007,Drama,8.151612903225805,4985279,31
2007,Family,8.3,362157,5
2007,Fantasy,8.4,60942,1
2007,Game-Show,8.2,10461,1
2007,History,8.1,84663,1
2007,Music,8.45,82162,2
2007,Musical,8.5,68345,1
2007,Mystery,8.120000000000001,1325381,5
2007,Romance,8.075,1083727,4
2007,Short,8.2,10668,1
2007,Sport,8.05,126019,2
2007,Talk-Show,8.4,13817,1
2007,Thriller,8.033333333333333,1810299,3
2008,Action,8.222222222222221,4732541,9
2008,Adventure,8.22,2611017,5
2008,Animation,8.266666666666667,1665476,6
2008,Biography,8.16,399730,5
2008,Comedy,8.200000000000001,664304,6
2008,Crime,8.4,7463063,10
2008,Documentary,8.133333333333333,122345,3
2008,Drama,8.173333333333334,10582116,30
2008,Family,8.166666666666666,1291477,3
2008,Fantasy,7.933333333333334,1001707,3
2008,History,8.233333333333334,221902,3
2008,Musical,8.3,59860,2
2008,Mystery,8.18,773777,5
2008,Romance,8.0,1644611,4
2008,Sci-Fi,8.233333333333334,1486759,3
2008,Short,8.3,10104,1
2008,Sport,7.9,326170,1
2008,Talk-Show,8.3,10104,1
2008,Thriller,9.0,2683089,2
2008,War,8.4,62141,1
2009,Action,8.2,3285723,8
2009,Adventure,8.257142857142858,5478154,7
2009,Animation,8.314285714285715,2119054,7
2009,Biography,8.25,382125,2
2009,Comedy,8.22,4173920,20
2009,Crime,8.275,689524,8
2009,Documentary,8.75,138372,4
2009,Drama,8.169565217391305,4503698,23
2009,Family,8.3,352977,2
2009,Fantasy,8.05,1544576,2
2009,Game-Show,8.5,24734,1
2009,History,9.0,16723,1
2009,Mystery,8.125,511437,4
2009,Reality-TV,8.5,24734,1
2009,Romance,8.116666666666667,849627,6
2009,Sci-Fi,8.0,1395173,3
2009,Sport,8.2,120987,2
2009,Thriller,8.2,861087,5
2009,War,8.7,1707321,2
2010,Action,8.436363636363636,4377844,11
2010,Adventure,8.391666666666667,5210498,12
2010,Animation,8.344444444444443,2090599,9
2010,Biography,8.2,1863614,4
2010,Comedy,8.22,1400804,15
2010,Crime,8.4,1861189,11
2010,Documentary,8.3,286693,5
2010,Drama,8.264285714285714,7843957,28
2010,Family,8.1,42252,1
2010,Fantasy,8.0,11431,1
2010,Game-Show,8.6,14259,1
2010,History,8.0,722439,1
2010,Horror,8.1,1145562,1
2010,Music,8.200000000000001,52528,3
2010,Mystery,8.5,3042136,6
2010,Reality-TV,8.6,14259,1
2010,Romance,8.15,399999,4
2010,Sci-Fi,8.8,2694442,1
2010,Sport,8.4,142579,2
2010,Talk-Show,8.3,42773,2
2010,Thriller,8.066666666666666,3722720,6
2010,War,8.3,229732,1
2011,Action,8.488888888888887,4267218,9
2011,Adventure,8.522222222222222,3953167,9
2011,Animation,8.414285714285715,441302,7
2011,Biography,8.3,163528,2
2011,Comedy,8.442857142857143,2421050,14
2011,Crime,8.26875,2314127,16
2011,Documentary,8.433333333333334,148147,6
2011,Drama,8.312903225806451,9252448,31
2011,Family,8.05,1012881,2
2011,Fantasy,8.0,1137407,2
2011,History,8.3,11681,1
2011,Horror,7.9,355020,1
2011,Music,8.25,52148,2
2011,Musical,8.5,101268,2
2011,Mystery,8.27142857142857,1827674,7
2011,Reality-TV,8.5,49328,1
2011,Romance,8.8,10444,1
2011,Sci-Fi,7.9,355020,1
2011,Short,9.1,33770,1
2011,Sport,8.1,515949,1
2011,Thriller,8.333333333333334,151029,3
2011,Western,8.3,58094,1
2012,Action,8.172727272727274,4695985,11
2012,Adventure,8.200000000000001,2690514,6
2012,Animation,8.35,437707,6
2012,Biography,8.139999999999999,189992,5
2012,Comedy,8.278571428571428,670595,14
2012,Crime,8.223076923076922,2504622,13
2012,Documentary,8.05,143508,4
2012,Drama,8.208695652173914,6344749,23
2012,Family,8.05,66351,2
2012,Fantasy,7.95,1681224,4
2012,Game-Show,8.5,10484,1
2012,History,8.399999999999999,52295,2
2012,Horror,8.0,21809,1
2012,Music,8.05,89671,2
2012,Mystery,8.28,327276,5
2012,Reality-TV,8.5,10484,1
2012,Romance,8.1,90458,1
2012,Sci-Fi,8.0,1512597,1
2012,Sport,8.2,13694,1
2012,Talk-Show,8.25,37177,2
2012,Thriller,8.0,860213,3
2012,Western,8.5,1798116,1
2013,Action,8.3,2010752,8
2013,Adventure,8.450000000000001,2735176,6
2013,Animation,8.575,1371546,4
2013,Biography,8.049999999999999,4117036,6
2013,Comedy,8.306666666666667,3359053,15
2013,Crime,8.24736842105263,5915773,19
2013,Documentary,8.475,167310,4
2013,Drama,8.232558139534884,8276917,43
2013,Family,8.0,58562,1
2013,Fantasy,8.066666666666666,906776,3
2013,Game-Show,8.4,10151,1
2013,History,8.375,874644,4
2013,Horror,8.225,645525,4
2013,Mystery,8.211111111111112,1695487,9
2013,Romance,8.2,935046,5
2013,Sci-Fi,8.25,891727,4
2013,Sport,8.149999999999999,611466,2
2013,Thriller,8.25,340818,6
2013,War,8.55,63601,2
2014,Action,8.057142857142857,4025842,14
2014,Adventure,8.16,6280780,10
2014,Animation,8.35,1099845,8
2014,Biography,8.120000000000001,971746,5
2014,Comedy,8.391666666666667,3663254,24
2014,Crime,8.27142857142857,2745351,21
2014,Documentary,8.2625,332842,8
2014,Drama,8.277999999999999,11218553,50
2014,Fantasy,8.18,525966,5
2014,History,8.26,160305,5
2014,Horror,8.1,166303,2
2014,Music,8.3,1106792,2
2014,Mystery,8.3,2158699,5
2014,News,8.8,100184,1
2014,Romance,8.22,132164,5
2014,Sci-Fi,8.15,4117181,4
2014,Sport,8.5,20434,1
2014,Talk-Show,8.8,100184,1
2014,Thriller,8.218181818181819,3625963,11
2014,War,8.1,36855,2
2015,Action,8.258333333333333,3561377,12
2015,Adventure,8.16,5120373,10
2015,Animation,8.2,1213851,7
2015,Biography,8.237499999999999,1658418,8
2015,Comedy,8.365384615384615,2501568,26
2015,Crime,8.366666666666667,3881585,18
2015,Documentary,8.316666666666666,253191,6
2015,Drama,8.264444444444443,7856488,45
2015,Family,8.5,38670,2
2015,Fantasy,8.25,60273,4
2015,Game-Show,9.0,24964,1
2015,History,8.25,229332,4
2015,Horror,8.4,82918,1
2015,Mystery,8.1625,1264759,8
2015,News,8.0,10109,1
2015,Romance,8.27142857142857,157593,7
2015,Sci-Fi,8.12,3494358,5
2015,Talk-Show,8.7,12608,1
2015,Thriller,8.200000000000001,1137832,11
2015,War,8.0,14560,1
2015,Western,8.0,914187,1
2016,Action,8.1375,4106109,16
2016,Adventure,8.085714285714285,1527549,7
2016,Animation,8.236363636363636,1370721,11
2016,Biography,8.3,1643750,9
2016,Comedy,8.278571428571428,3312872,28
2016,Crime,8.227777777777778,1359859,18
2016,Documentary,8.428571428571429,322309,7
2016,Drama,8.206666666666667,8748368,60
2016,Fantasy,8.366666666666667,2482117,9
2016,History,8.142857142857142,1095217,7
2016,Horror,8.3,1464570,2
2016,Music,8.175,945647,4
2016,Musical,8.2,24171,1
2016,Mystery,8.163636363636364,2120912,11
2016,News,8.2,29367,1
2016,Romance,8.211111111111112,598265,9
2016,Sci-Fi,7.983333333333333,4268056,6
2016,Short,8.4,27607,1
2016,Sport,8.35,163282,2
2016,Talk-Show,8.7,91087,1
2016,Thriller,8.25,285307,4
2016,War,8.2,111716,1
2017,Action,8.141176470588235,4729974,17
2017,Adventure,8.175,2017763,8
2017,Animation,8.3,817582,5
2017,Biography,8.233333333333333,199085,6
2017,Comedy,8.13076923076923,2241147,13
2017,Crime,8.334615384615384,3728398,26
2017,Documentary,8.483333333333333,204607,6
2017,Drama,8.308333333333334,8337960,47
2017,Family,8.25,263490,2
2017,Fantasy,8.3,11595,1
2017,History,8.5,1020580,6
2017,Horror,8.15,847048,2
2017,Mystery,8.26,2829939,10
2017,Romance,8.0,40155,2
2017,Sci-Fi,8.125,1308420,4
2017,Sport,8.0,131390,3
2017,Thriller,8.377777777777778,1688299,9
2017,War,9.1,31651,1
2017,Western,8.2,86209,1
2018,Action,8.242105263157894,3510202,19
2018,Adventure,8.200000000000001,2601944,11
2018,Animation,8.325000000000001,1020913,12
2018,Biography,8.2,1321621,5
2018,Comedy,8.36875,1719931,16
2018,Crime,8.22857142857143,1608757,21
2018,Documentary,8.114285714285714,218169,7
2018,Drama,8.309615384615386,4812874,52
2018,Family,8.733333333333333,161719,6
2018,Fantasy,8.1,89658,2
2018,History,8.3,98511,4
2018,Horror,8.35,379758,2
2018,Music,7.9,624462,1
2018,Mystery,8.3,703759,8
2018,News,8.7,14737,1
2018,Reality-TV,8.4,33818,2
2018,Romance,8.328571428571427,168039,7
2018,Sci-Fi,8.4,1293631,1
2018,Sport,8.05,92864,2
2018,Thriller,8.128571428571428,532330,7
2018,War,8.2,39774,1
2018,Western,8.6,277761,1
2019,Action,8.355172413793104,5831454,29
2019,Adventure,8.366666666666667,3667469,18
2019,Animation,8.35,1037520,16
2019,Biography,8.18888888888889,1286247,9
2019,Comedy,8.340625,3829748,32
2019,Crime,8.223076923076924,4611011,26
2019,Documentary,8.375,267946,8
2019,Drama,8.283333333333333,10783582,66
2019,Family,8.6,90976,3
2019,Fantasy,8.366666666666667,950690,6
2019,History,8.433333333333332,1102874,6
2019,Horror,8.299999999999999,190790,3
2019,Music,8.100000000000001,57863,2
2019,Mystery,8.11111111111111,382011,9
2019,Romance,8.19090909090909,1078313,11
2019,Sci-Fi,8.266666666666667,1479421,3
2019,Sport,8.5,81557,2
2019,Thriller,8.3,3822939,10
2019,War,8.3,1226837,4
2020,Action,8.266666666666667,534923,12
2020,Adventure,8.2875,769627,8
2020,Animation,8.30909090909091,821416,11
2020,Biography,8.65,520866,4
2020,Comedy,8.323809523809524,1423299,21
2020,Crime,8.33,491043,10
2020,Documentary,8.379999999999999,309889,5
2020,Drama,8.281578947368422,3066526,38
2020,Fantasy,8.283333333333333,150110,6
2020,History,8.325,380573,4
2020,Horror,8.0,88735,2
2020,Music,8.399999999999999,46981,2
2020,Musical,8.1,18675,1
2020,Mystery,8.216666666666667,359673,6
2020,Romance,8.290909090909091,429522,11
2020,Short,8.5,21646,1
2020,Sport,8.8,403625,1
2020,Thriller,8.379999999999999,246518,5
2020,War,8.05,122743,2
2021,Action,8.316,5018663,25
2021,Adventure,8.358333333333333,3628012,12
2021,Animation,8.4,860357,12
2021,Biography,8.2,272450,8
2021,Comedy,8.288235294117648,1611775,17
2021,Crime,8.263157894736842,1124876,19
2021,Documentary,8.3875,225616,8
2021,Drama,8.280434782608696,5009042,46
2021,Family,8.399999999999999,28063,2
2021,Fantasy,8.2,1893529,4
2021,History,8.433333333333334,74679,3
2021,Music,8.375,239357,4
2021,Mystery,8.2375,1172054,8
2021,Reality-TV,9.0,73973,1
2021,Romance,8.32,112884,5
2021,Sci-Fi,8.2,26410,1
2021,Sport,8.25,37777,2
2021,Thriller,8.2,129152,4
2021,Western,8.7,144309,1
2022,Action,8.292592592592593,4410942,27
2022,Adventure,8.384615384615385,1941397,13
2022,Animation,8.34,449717,10
2022,Biography,8.3375,344080,8
2022,Comedy,8.222727272727273,1904109,22
2022,Crime,8.1375,2272936,16
2022,Documentary,8.200000000000001,142838,6
2022,Drama,8.296666666666667,5724035,60
2022,Fantasy,8.4,455224,3
2022,History,8.600000000000001,31022,2
2022,Music,7.95,29458,2
2022,Musical,8.0,35150,2
2022,Mystery,8.34,498382,5
2022,Reality-TV,8.3,23440,1
2022,Romance,8.299999999999999,206563,7
2022,Sci-Fi,8.5,387365,2
2022,Sport,8.3,105959,5
2022,Thriller,8.209090909090909,454649,11
2022,Western,8.3,83997,1
2023,Action,8.24,2077912,15
2023,Adventure,8.444444444444445,1942272,9
2023,Animation,8.4625,692755,8
2023,Biography,8.266666666666667,1143619,6
2023,Comedy,8.225,1312098,12
2023,Crime,8.1,154893,7
2023,Documentary,8.14,129433,5
2023,Drama,8.278947368421052,3487734,38
2023,Family,8.2,20571,1
2023,Fantasy,8.45,67944,4
2023,History,8.35,983176,6
2023,Horror,7.9,126235,1
2023,Music,8.05,66388,2
2023,Musical,8.0,24351,1
2023,Mystery,8.0,313413,2
2023,Romance,8.32,170683,5
2023,Sci-Fi,8.1,187178,1
2023,Sport,8.1,38855,1
2023,Thriller,8.15,243193,8
2023,War,8.5,25888,1
2024,Action,8.461538461538462,1742497,13
2024,Adventure,8.458333333333334,1511024,12
2024,Animation,8.445454545454545,508493,11
2024,Biography,8.17142857142857,216114,7
2024,Comedy,8.209999999999999,335412,10
2024,Crime,8.1875,680867,8
2024,Documentary,8.133333333333333,41468,3
2024,Drama,8.233333333333333,2202299,30
2024,Family,8.066666666666668,114852,3
2024,Fantasy,8.45,27931,2
2024,History,8.185714285714285,206630,7
2024,Music,8.25,26594,2
2024,Mystery,8.1,49839,2
2024,Romance,8.26,121940,5
2024,Sci-Fi,8.2,178948,1
2024,Sport,8.2,17786,1
2024,Thriller,8.1,148059,5
2025,Action,8.075,164124,4
2025,Adventure,8.366666666666667,49096,3
2025,Animation,8.1,11283,1
2025,Comedy,8.033333333333333,54251,3
2025,Crime,8.25,332270,4
2025,Drama,8.35,579818,12
2025,Fantasy,8.9,21055,1
2025,History,9.2,20214,1
2025,Mystery,8.0,13632,1
2025,Romance,8.55,33246,2
2025,Thriller,8.125,311280,4
